pk,totoal_funding,github_url,main_page,category,grant_url
1668,1137038.22,,https://www.coincenter.org/,Community,https://gitcoin.co/grants/1668/coin-center-is-educating-policy-makers-about-publ
2323,337821.69,https://github.com/darkforest-eth,https://zkga.me,dApp Tech,https://gitcoin.co/grants/2323/dark-forest
149,323383.15,https://github.com/rotki/rotki,https://rotki.com,dApp Tech,https://gitcoin.co/grants/149/rotki-the-portfolio-tracker-and-accounting-tool-t
490,303809.72,https://github.com/poap-xyz,http://poap.xyz,NFTs,https://gitcoin.co/grants/490/poap-proof-of-attendance-protocol
2805,302569.78,,https://torproject.org,Infra Tech,https://gitcoin.co/grants/2805/the-tor-project
3974,286988.88,,https://www.eff.org,Community,https://gitcoin.co/grants/3974/electronic-frontier-foundation
1592,273472.88,https://github.com/NomicFoundation/hardhat,https://hardhat.org,dApp Tech,https://gitcoin.co/grants/1592/hardhat-by-nomic-labs
4352,241184.2,https://github.com/ZigZagExchange,,Grants Round 12,https://gitcoin.co/grants/4352/zigzag-exchange
24,227561.42,https://github.com/prysmaticlabs/prysm,https://prysmaticlabs.com/,Infra Tech,https://gitcoin.co/grants/24/prysm-by-prysmatic-labs
86,194468.26,https://github.com/gitcoinco,https://gitcoin.co,Building Gitcoin,https://gitcoin.co/grants/86/gitcoin-grants-core-team-dev-fund
25,186691.3,https://github.com/sigp/lighthouse,https://github.com/sigp/lighthouse,Infra Tech,https://gitcoin.co/grants/25/lighthouse-ethereum-20-client
4083,184010.75,,https://twitter.com/longevityprize,Grants Round 12,https://gitcoin.co/grants/4083/longevity-prize-by-vitadao
1632,176775.46,,https://rekt.news,Community,https://gitcoin.co/grants/1632/rektnews-the-dark-web-of-defi-journalism
13,175487.78,https://github.com/ethers-io/ethers.js,https://ethers.org/,Infra Tech,https://gitcoin.co/grants/13/ethersjs-complete-simple-and-tiny
821,170182.45,https://github.com/ScopeLift/umbra-protocol,https://github.com/ScopeLift/umbra-protocol,Infra Tech,https://gitcoin.co/grants/821/umbra-privacy-preserving-stealth-payments
191,164383.45,https://github.com/BrightID,https://www.brightid.org/,dApp Tech,https://gitcoin.co/grants/191/brightid-universal-proof-of-uniqueness-panvala-le
143,164031.52,https://github.com/dappnode,,Infra Tech,https://gitcoin.co/grants/143/dappnode-panvala-league
172,162448.84,https://github.com/zeropoolnetwork,https://github.com/zeropoolnetwork,dApp Tech,https://gitcoin.co/grants/172/zeropool-scaling-anonymous-transactions-for-block
4118,154552.02,,https://theblockchainassociation.org/,Grants Round 12,https://gitcoin.co/grants/4118/the-blockchain-association-ba
3133,152102.95,https://github.com/lifinance,,Infra Tech,https://gitcoin.co/grants/3133/lifinance-cross-chain-bridge-aggregator-smart-rou
1661,151348.33,,,dApp Tech,https://gitcoin.co/grants/1661/etherdrops
1143,138751.38,https://github.com/floating/frame,,dApp Tech,https://gitcoin.co/grants/1143/frame-privacy-focused-native-ethereum-wallet
238,130873.99,,,Community,https://gitcoin.co/grants/238/bankless
137,130083.6,https://github.com/status-im,https://nimbus.team/,Infra Tech,https://gitcoin.co/grants/137/nimbus
40,127487.28,,https://ethhub.io,Community,https://gitcoin.co/grants/40/ethhub-ethereum-information-hub
1093,120032.73,https://github.com/snapshot-labs,,dGov,https://gitcoin.co/grants/1093/snapshot
4119,115001.17,,https://drm.edendao.finance,Grants Round 12,https://gitcoin.co/grants/4119/kick-starting-the-market-for-future-carbon
3857,112437.23,https://github.com/l2beat/l2beat,https://l2beat.com/,Community,https://gitcoin.co/grants/3857/l2beat
2679,111342.86,,,dApp Tech,https://gitcoin.co/grants/2679/rss3-rss-with-human-curation
2594,107255.47,,https://www.fightforthefuture.org/,Community,https://gitcoin.co/grants/2594/fight-for-the-future-is-building-and-channeling-p
12,105946.94,,https://gitcoin.co,Infra Tech,https://gitcoin.co/grants/12/gitcoin-grants-official-matching-pool-fund
1101,103344.27,,https://archivenode.io/,Infra Tech,https://gitcoin.co/grants/1101/archivenodeio-the-public-access-ethereum-archive-
3531,103171.62,,https://dataverse.art,NFTs,https://gitcoin.co/grants/3531/dataverse-curate-nfts-from-around-the-web-with-on
524,102007.32,,https://clr.fund,dApp Tech,https://gitcoin.co/grants/524/clrfund
3509,101529.58,,https://freedom.press/,Community,https://gitcoin.co/grants/3509/freedom-of-the-press-foundation
237,100722.87,,,Health,https://gitcoin.co/grants/237/week-in-ethereum-news
142,98873.95,https://github.com/NethermindEth/nethermind,https://github.com/NethermindEth/nethermind,Infra Tech,https://gitcoin.co/grants/142/nethermind
258,95199.84,https://github.com/gobitfly/eth2-beaconchain-explore,https://beaconcha.in,Infra Tech,https://gitcoin.co/grants/258/beaconchain-open-source-eth2-blockchain-explorer
3062,93157.5,,http://atlantis.world,dApp Tech,https://gitcoin.co/grants/3062/atlantis-world
337,92707.08,https://github.com/zkcream,https://zkcre.am,Infra Tech,https://gitcoin.co/grants/337/zkcream-zero-knowledge-confidential-reliable-ethe
275,91331.43,https://github.com/WalletConnect,,Infra Tech,https://gitcoin.co/grants/275/walletconnect
1403,89715.29,https://github.com/Geo-Web-Project,https://geoweb.network/,NFTs,https://gitcoin.co/grants/1403/geo-web
567,88078.23,,https://thedefiant.io/,Community,https://gitcoin.co/grants/567/the-defiant-subscriptions-for-all
331,87006.38,https://github.com/CirclesUBI,https://joincircles.net/,Infra Tech,https://gitcoin.co/grants/331/circles-ubi
468,84445.91,https://github.com/tog-ETH-er,https://www.ethplanet.org/,Community,https://gitcoin.co/grants/468/ethplanet-member-of-together
4041,83672.16,,https://twitter.com/ClimatefinDAO,Community,https://gitcoin.co/grants/4041/climate-finance-dao
1595,83609.42,,https://bloomnetwork.org,Community,https://gitcoin.co/grants/1595/bloom-network-panvala-league
1809,83186.29,https://github.com/vfat-tools/vfat-tools,https://vfat.tools,dApp Tech,https://gitcoin.co/grants/1809/vfattools-yield-farming-calculators
539,81774.3,https://github.com/commons-stack,https://commonsstack.org/,dGov,https://gitcoin.co/grants/539/the-commons-stack-iteration-0
329,78334.82,https://github.com/ZeroKnowledgefm,https://www.zeroknowledge.fm,Community,https://gitcoin.co/grants/329/zero-knowledge-podcast
1707,77779.65,,,dApp Tech,https://gitcoin.co/grants/1707/llama-treasury-management-for-daos
1415,77510.01,https://github.com/openethereum/openethereum,,Infra Tech,https://gitcoin.co/grants/1415/openethereum-ex-parity-client
540,76333.21,https://github.com/ethersphere,,Infra Tech,https://gitcoin.co/grants/540/ethereum-swarm
3975,76056.99,,https://rainforestfoundation.org/,Community,https://gitcoin.co/grants/3975/rainforest-direct
3591,75365.16,,https://defillama.com/,dApp Tech,https://gitcoin.co/grants/3591/defillama
482,73079.31,,,Community,https://gitcoin.co/grants/482/daosquare
1556,72680.95,,,dApp Tech,https://gitcoin.co/grants/1556/apy-vision
3998,72227.92,,https://www.lifespan.io,Community,https://gitcoin.co/grants/3998/lifespanio-meets-web3-crowdsourced-clinical-trial
4019,71747.35,https://github.com/RainbowDAO,https://www.rainbowdao.io,dGov,https://gitcoin.co/grants/4019/rainbowdao-protocol
1428,71334.42,,https://titansofdata.org/handshake/hns-development-fund/,Infra Tech,https://gitcoin.co/grants/1428/handshake-development-fund-panvala-league
4048,69294.93,,https://dna-seq.github.io/dna-seq/,Community,https://gitcoin.co/grants/4048/just-dna-seq
3483,69089.01,,,Community,https://gitcoin.co/grants/3483/decentralized-donations
384,67615.56,https://github.com/diglos/ethereumonarm,https://ethereum-on-arm-documentation.readthedocs.io/en/latest/,Infra Tech,https://gitcoin.co/grants/384/ethereum-on-arm
946,67269.33,https://github.com/ethereum/pm,,Infra Tech,https://gitcoin.co/grants/946/eip-1559-community-fund
444,67115.49,,,Infra Tech,https://gitcoin.co/grants/444/white-hat-hacking
1561,66925.29,https://github.com/ethstaker-core,https://www.ethstaker.cc,Community,https://gitcoin.co/grants/1561/ethstaker
277,65895.7,,https://sim.commonsstack.org,dApp Tech,https://gitcoin.co/grants/277/commons-simulator-level-up
373,65758.6,https://github.com/nymtech/nym,https://nymtech.net,Infra Tech,https://gitcoin.co/grants/373/nym
3356,65046.82,,https://daorayaki.org,dGov,https://gitcoin.co/grants/3356/daorayaki
223,64381.44,,https://ethereum-magicians.org/,Community,https://gitcoin.co/grants/223/ethereum-magicians
886,63184.64,,https://thedailygwei.substack.com/,Community,https://gitcoin.co/grants/886/the-daily-gwei-by-anthony-sassano-sassal0x
500,62316.56,,https://defidad.com,Community,https://gitcoin.co/grants/500/defi-dad-defi-tutorials-on-youtube-and-twitter
2983,60335.38,,https://revert.finance,dApp Tech,https://gitcoin.co/grants/2983/revert
1636,59560.44,,,dApp Tech,https://gitcoin.co/grants/1636/buidlguidl
2900,57670.33,,,Community,https://gitcoin.co/grants/2900/metagovdao-dao-governance-research-group-academic
4078,56346.15,,https://impetusgrants.org/,Grants Round 12,https://gitcoin.co/grants/4078/impetus-longevity-grants
4084,55902.76,,,Grants Round 12,https://gitcoin.co/grants/4084/the-climate-change-donation-fund-by-founders-pled
599,55431.29,https://github.com/Proof-Of-Humanity,https://proofofhumanity.id,Infra Tech,https://gitcoin.co/grants/599/proof-of-humanity
972,54438.76,https://github.com/wighawag/hardhat-deploy,https://github.com/wighawag/hardhat-deploy,Infra Tech,https://gitcoin.co/grants/972/hardhat-deploy-and-jolly-roger
3335,50805.02,https://github.com/Ruby-Protocol,https://ruby.io/,Infra Tech,https://gitcoin.co/grants/3335/ruby-cryptographic-infrastructure-for-data-moneti
855,50106.94,,https://kernel.community/,Community,https://gitcoin.co/grants/855/kernel-panvala-league
1620,49221.35,,https://t.me/thedailyape,Community,https://gitcoin.co/grants/1620/the-daily-ape
160,49060.98,,https://twitter.com/antiprosynth,Community,https://gitcoin.co/grants/160/antiprosynth-antiprosynthesiseth-twitter-account
3278,48420.66,https://github.com/MatrixETF,https://matrixetf.finance/,dApp Tech,https://gitcoin.co/grants/3278/matrixetf-the-next-generation-of-etf
3792,47869.08,,,NFTs,https://gitcoin.co/grants/3792/showme
3814,47713.56,https://github.com/rainbowwallpro,,Community,https://gitcoin.co/grants/3814/rainbowwall-protocol
1080,47336.32,https://github.com/treejer,https://treejer.com,dApp Tech,https://gitcoin.co/grants/1080/treejer-a-climate-action-protocol
3059,46388.3,https://github.com/ToucanProtocol,https://toucan.earth,dApp Tech,https://gitcoin.co/grants/3059/toucan-protocol-carbon-as-a-money-lego
2929,45565.08,,,Building Gitcoin,https://gitcoin.co/grants/2929/decentralize-gitcoin-grants
1158,44632.6,,https://youtube.com/c/finematics,Community,https://gitcoin.co/grants/1158/finematics-defi-education
366,44421.51,,,Community,https://gitcoin.co/grants/366/eth-memes-twitter
2063,44026.66,,https://www.artnome.com/greennfts,NFTs,https://gitcoin.co/grants/2063/green-nft-grant
1110,43952.58,https://github.com/lab10-coop,https://minerva.digital,Infra Tech,https://gitcoin.co/grants/1110/minerva-wallet-lab10-collective-panvala-league
3224,43511.97,https://github.com/wmitsuda/otterscan,https://otterscan.io,dApp Tech,https://gitcoin.co/grants/3224/otterscan
1162,43454.58,,https://nifty.ink,NFTs,https://gitcoin.co/grants/1162/niftyink
184,43065.95,https://github.com/trueblocks/trueblocks-core,https://trueblocks.io,Infra Tech,https://gitcoin.co/grants/184/trueblocks
294,42631.45,https://github.com/fifikobayashi,https://github.com/fifikobayashi,Community,https://gitcoin.co/grants/294/fiona-kobayashi-software-engineer
2213,40818.55,,https://doingud.com/,NFTs,https://gitcoin.co/grants/2213/doingud-nft-ecosystem-empowering-meaningful-creat
1693,40768.58,,https://www.crypto-initiative.eu,Community,https://gitcoin.co/grants/1693/eu-crypto-initiative-educating-policy-makers-on-d
888,40337.96,https://github.com/eth-brownie/brownie,https://github.com/eth-brownie/brownie,Infra Tech,https://gitcoin.co/grants/888/brownie
37,40168.49,https://github.com/connext/vector,https://connext.network,Infra Tech,https://gitcoin.co/grants/37/connext-network
2916,39464.91,https://github.com/BanklessDAO,,Community,https://gitcoin.co/grants/2916/banklessdao
3386,39291.54,https://github.com/catalandao,https://catalandao.cat,dGov,https://gitcoin.co/grants/3386/the-catalandao-building-the-first-digital-nation-
1669,38034.62,https://github.com/idena-network,https://idena.io,dApp Tech,https://gitcoin.co/grants/1669/idena-the-first-proof-of-person-blockchain
4165,37821.9,https://github.com/sismo-core,,Grants Round 12,https://gitcoin.co/grants/4165/sismo-aggregate-your-private-reputation-to-your-p
2205,37655.64,,https://www.desfemmesmagazine.com,Community,https://gitcoin.co/grants/2205/des-femmes-magazine
224,37144.46,https://github.com/ledgerwatch/turbo-geth,,Infra Tech,https://gitcoin.co/grants/224/turbo-geth
1151,37132.3,,https://github.com/Daft-Wullie?tab=overview,dApp Tech,https://gitcoin.co/grants/1151/fuzzing-home-helping-find-bugs-in-eth-20-clients
1773,36506.59,https://github.com/Swivel-Finance,https://swivel.finance,dApp Tech,https://gitcoin.co/grants/1773/swivel-finance
2281,35549.01,https://github.com/vasa-develop/cross-asset-swap,https://github.com/vasa-develop/cross-asset-swap,NFTs,https://gitcoin.co/grants/2281/cross-asset-swap
795,34106.08,,https://giveth.io,dApp Tech,https://gitcoin.co/grants/795/givethio-panvala-league
2112,33811.8,https://github.com/stake-house/wagyu,https://github.com/stake-house/wagyu,Infra Tech,https://gitcoin.co/grants/2112/stakehouse-wagyu-tooling-suite-easy-to-use-tools-
3576,33358.45,,https://uv3framework.github.io/uv3-options/#/options,dApp Tech,https://gitcoin.co/grants/3576/uniswap-v3-options
3087,33306.04,,,NFTs,https://gitcoin.co/grants/3087/goatnft-nft-trade-platform-provides-whole-sale-sp
1657,31838.26,https://github.com/paulrberg,https://github.com/paulrberg,dApp Tech,https://gitcoin.co/grants/1657/paulrberg-open-source-engineering
1127,30488.33,,,dApp Tech,https://gitcoin.co/grants/1127/commons-stack-community-fund-panvala-league
4000,29538.78,,https://www.seaworthycollective.com/,Community,https://gitcoin.co/grants/4000/seaworthy-foundation
1692,29333.19,,https://www.dappchaser.com/,Community,https://gitcoin.co/grants/1692/dappchaser
3012,29331.49,https://github.com/shreyaspapi,https://monkeydagger.tech,dApp Tech,https://gitcoin.co/grants/3012/monkey-dagger
3091,29245.25,,https://twitter.com/BICOWG,Community,https://gitcoin.co/grants/3091/blockchain-infrastructure-carbon-offset-working-g
380,28972.7,,https://ethereum.cn,Community,https://gitcoin.co/grants/380/ethereumcn-ecnyi-tai-fang-zhong-wen-she-qu
2575,28704.04,https://github.com/DefiLab-xyz/uniswap-v3-backtest,http://defi-lab.xyz,dApp Tech,https://gitcoin.co/grants/2575/defilab_xyz
4024,28131.74,,https://refidao.com/,Community,https://gitcoin.co/grants/4024/refi-podcast-season-one
4006,28096.54,,https://linktr.ee/Avano_io,Community,https://gitcoin.co/grants/4006/incentivizing-actions-that-increase-and-maintain-
1264,27990.89,,https://www.youtube.com/gabrielhaines,Community,https://gitcoin.co/grants/1264/gabriel-haines-ct-1-entertainer
139,27852.54,https://github.com/defiprime/defiprime,https://defiprime.com,Community,https://gitcoin.co/grants/139/defiprimecom
3497,27494.72,,https://fine2021.studio.site/,Community,https://gitcoin.co/grants/3497/fracton-incubation-2021
200,27442.62,,https://vyperlang.org,Infra Tech,https://gitcoin.co/grants/200/vyper-smart-contract-language
211,27175.39,,http://www.trustgraphicnovel.com,Community,https://gitcoin.co/grants/211/trust-graphic-novel-motion-comic
82,27140.07,https://github.com/ethereum-cat-herders/progpow-audit,,dApp Tech,https://gitcoin.co/grants/82/official-progpow-technical-audit-funding
3633,27132.71,,https://nftscan.com/,NFTs,https://gitcoin.co/grants/3633/nftscannftscancomis-a-professional-nft-asset-brow
122,26891.88,,,Community,https://gitcoin.co/grants/122/austin-griffith-ethereum-research-and-development
4014,26775.09,,https://www.ayoweccauganda.org,Community,https://gitcoin.co/grants/4014/planting-fruit-trees-in-64-schools-and-40-health-
4059,26713.26,,https://www.qilin.fi/,Infra Tech,https://gitcoin.co/grants/4059/qilin-protocol-decentralized-volatility-protocol-
1530,26625.91,https://github.com/beyondnft,,dApp Tech,https://gitcoin.co/grants/1530/beyondnft
3535,26514.19,,https://app.banklessacademy.com/,Community,https://gitcoin.co/grants/3535/bankless-academy
810,26470.42,,https://www.blackgirlscode.com/,Crypto for Black Lives,https://gitcoin.co/grants/810/black-girls-code
2235,26457.71,https://github.com/SimpleFi-finance,https://simplefi.finance,dApp Tech,https://gitcoin.co/grants/2235/simplefi
2851,26323.6,https://github.com/scaffold-eth/scaffold-eth,https://github.com/scaffold-eth/scaffold-eth,Infra Tech,https://gitcoin.co/grants/2851/scaffold-eth
3947,25787.26,,http://www.opencures.org/,Community,https://gitcoin.co/grants/3947/opencures
29,25747.32,,https://zokrates.github.io,Infra Tech,https://gitcoin.co/grants/29/zokrates
4114,25343.51,,https://www.catf.us/,Grants Round 12,https://gitcoin.co/grants/4114/clean-air-task-force
4183,25109.42,,,Grants Round 12,https://gitcoin.co/grants/4183/brush-a-zk-powered-social-coordination-game
2966,24171.9,,https://blockhead.info,dApp Tech,https://gitcoin.co/grants/2966/blockhead-user-friendly-portfolio-tracker-tx-visu
4054,23676.74,,https://www.surgewomen.io,Community,https://gitcoin.co/grants/4054/surge
615,23561.45,,https://metagammadelta.com/,Community,https://gitcoin.co/grants/615/meta-gamma-delta-dao-funding-women-led-initiative
1634,23535.87,,https://someresat.medium.com/,Community,https://gitcoin.co/grants/1634/ethereum-staking-guides-ubuntu
4197,23026.6,,http://basin.global,Grants Round 12,https://gitcoin.co/grants/4197/basindao-climatenature-restoration-regeneration-c
2381,22988.42,,https://crv.to,dApp Tech,https://gitcoin.co/grants/2381/curve-swaps
89,22976.33,,,dApp Tech,https://gitcoin.co/grants/89/hopr-decentralized-privacy-preserving-messaging-p
3510,22961.22,https://github.com/defiwrapper/defiwrapper,https://polywrap.io/,Infra Tech,https://gitcoin.co/grants/3510/defi-sdk-polywrapper
684,22923.87,,http://www.she.energy/,Infra Tech,https://gitcoin.co/grants/684/shenanigan-panvala-league
551,22702.98,,,Infra Tech,https://gitcoin.co/grants/551/the-ethereum-20-annotated-specification
4082,22060.01,,https://www.vitadao.com/fellowship,Grants Round 12,https://gitcoin.co/grants/4082/longevity-student-grants-by-vitadao
2918,21938.36,https://github.com/Moloch-Mystics/Baal,https://github.com/Moloch-Mystics/Baal,dGov,https://gitcoin.co/grants/2918/molochv3-codename-baal
2200,21533.71,,https://bloomeria.org/,Community,https://gitcoin.co/grants/2200/bloomeria
541,21468.42,,,Health,https://gitcoin.co/grants/541/cic-covid-19-kenyan-crisis-aid-moved
2262,20919.01,https://github.com/bitcoin-dot-org/developer.bitcoin.org,,Infra Tech,https://gitcoin.co/grants/2262/gasnow
1577,20782.44,,https://ethcc.io/,Community,https://gitcoin.co/grants/1577/ethcc-by-ethereum-france-panvala-league
1211,20317.56,https://github.com/aliatiia,https://aliatiia.github.io,Infra Tech,https://gitcoin.co/grants/1211/rd-in-rent-free-public-financial-utilities
578,20232.45,,https://github.com/bneiluj/covid-19-open-source-ventilators/blob/master/README.md,Health,https://gitcoin.co/grants/578/open-source-covid-ventilators-masks
39,20136.15,,https://plasma.group,Infra Tech,https://gitcoin.co/grants/39/plasma-group
779,20086.32,,http://defilatam.com/,Community,https://gitcoin.co/grants/779/defi-latam
3004,19996.24,https://github.com/moonshotcollective,http://moonshotcollective.space,Building Gitcoin,https://gitcoin.co/grants/3004/moonshot-collective
3930,19759.06,https://github.com/tim-peterson,https://petersonlab.wustl.edu,Community,https://gitcoin.co/grants/3930/open-senolytics
2979,19640.93,https://github.com/Lighthouse-Web3,http://lighthouse.storage,dApp Tech,https://gitcoin.co/grants/2979/lighthouse
1041,19271.93,,,Infra Tech,https://gitcoin.co/grants/1041/defi-safety
416,19099.58,,https://docs.yearn.finance,dApp Tech,https://gitcoin.co/grants/416/yearnfinance
2129,19081.95,,,dApp Tech,https://gitcoin.co/grants/2129/tonic-swirl-defi-dollar-cost-averaging
529,19051.77,,https://cryptotesters.com/_,Community,https://gitcoin.co/grants/529/cryptotesters-onboard-people-to-crypto
358,18302,https://github.com/skywinder/web3swift,https://github.com/skywinder/web3swift,Infra Tech,https://gitcoin.co/grants/358/web3swift-elegant-web3-functionality-in-swift
1541,18166.31,,https://keep3r.live,dApp Tech,https://gitcoin.co/grants/1541/keep3rlive
4073,18063.89,,https://dao.allforclimate.earth,Community,https://gitcoin.co/grants/4073/all-for-climate
4367,17863.75,,http://www.foresight.org,Grants Round 12,https://gitcoin.co/grants/4367/foresight-institute-longevity-fellowship
565,17821.6,,https://ournetwork.substack.com/,Community,https://gitcoin.co/grants/565/our-network-building-crypto-communities-with-data
198,17759.21,https://github.com/tornadocash,https://tornado.cash,dApp Tech,https://gitcoin.co/grants/198/tornadocash
1624,17685.67,,http://cryptofees.info/,Community,https://gitcoin.co/grants/1624/cryptofeesinfo
308,17626.65,https://github.com/cadCAD-org,https://cadcad.org/,Infra Tech,https://gitcoin.co/grants/308/cadcad-computer-aided-design-for-complex-systems
816,17624.82,,https://www.grassrootseconomics.org/,dApp Tech,https://gitcoin.co/grants/816/grassroots-economics-cic-support-kenya-beyond
347,17622.36,,https://cryptoscamdb.org,Infra Tech,https://gitcoin.co/grants/347/cryptoscamdb
498,17431.61,,,Health,https://gitcoin.co/grants/498/mask-test-kit-mutual-aid-fund
2820,17328.5,,,Building Gitcoin,https://gitcoin.co/grants/2820/mmm-merch-memes-marketing
1996,17156.44,https://github.com/sammdec/nfte,https://nfte.app,NFTs,https://gitcoin.co/grants/1996/nfte
202,17139.86,,https://vocdoni.io/,Infra Tech,https://gitcoin.co/grants/202/vocdoni-decentralized-anonymous-voting
1653,16991.82,,https://www.coincashew.com,Community,https://gitcoin.co/grants/1653/ethereum-staking-guides-by-coincashew-with-poap
246,16917.57,https://github.com/CryptoManiacsZone/1inchProtocol,https://github.com/CryptoManiacsZone/1inchProtocol,dApp Tech,https://gitcoin.co/grants/246/1inchexchange-on-chain-defi-aggregation-protocol
48,16795.66,,,dApp Tech,https://gitcoin.co/grants/48/uniswap
519,16735.72,https://github.com/rtoken-project,https://rdai.money,dApp Tech,https://gitcoin.co/grants/519/rdai
2054,16682.13,,https://www.economicsdesign.com,Community,https://gitcoin.co/grants/2054/economics-design-education
1090,16267.49,https://github.com/TokenizedTweets/chrome-extension,https://tokenizedtweets.com,NFTs,https://gitcoin.co/grants/1090/tokenized-tweets
936,16226.75,https://github.com/ethereum-push-notification-service,,dApp Tech,https://gitcoin.co/grants/936/ethereum-push-notification-service-epns
3358,16214.11,,https://optional.finance,dApp Tech,https://gitcoin.co/grants/3358/optional
1155,16167.16,https://github.com/CommonsBuild,https://tecommons.org/,dApp Tech,https://gitcoin.co/grants/1155/token-engineering-commons
543,16137.33,,https://leastauthority.com/,Infra Tech,https://gitcoin.co/grants/543/the-moonmath-manual-to-zk-snarks
596,15891.16,https://github.com/ethereum-ts/typechain,,Infra Tech,https://gitcoin.co/grants/596/typechain
618,15851.42,,https://www.arboreum.dev,dApp Tech,https://gitcoin.co/grants/618/arboreum
1509,15746.2,,https://nfthub.com,Community,https://gitcoin.co/grants/1509/nfthub-panvala-league
285,15429.1,,https://proofofhumanity.id,dApp Tech,https://gitcoin.co/grants/285/democracy-earth-foundation
2978,15283.92,,https://tecommons.org/,dGov,https://gitcoin.co/grants/2978/incubating-governauts
2924,14982.36,,https://www.blockchainforclimate.org/,NFTs,https://gitcoin.co/grants/2924/put-international-carbon-markets-on-ethereum-with
2069,14906.19,,https://themint.fund,NFTs,https://gitcoin.co/grants/2069/mintfund-helping-creators-mint-their-first-nfts
3853,14900.04,,https://www.lifespan.io,Community,https://gitcoin.co/grants/3853/stopping-alzheimers-with-light-and-sound
2261,14894.99,,https://reality.eth.link,Infra Tech,https://gitcoin.co/grants/2261/realityeth
437,14858.14,,https://www.unitimes.pro/,Community,https://gitcoin.co/grants/437/unitimes-ethereum-developer-community-platform
1736,14845.9,,https://www.youtube.com/voskcoin,Community,https://gitcoin.co/grants/1736/voskcoin-youtube-ethereum-education
1297,14835.7,,https://whalerdao.org/,dApp Tech,https://gitcoin.co/grants/1297/whalerdao
3945,14813.7,,http://a4li.org,Community,https://gitcoin.co/grants/3945/the-alliance-for-longevity-initiatives
2130,14809.42,,https://ethereumstudymaster.com/,Community,https://gitcoin.co/grants/2130/ethereum-studymaster
1659,14776.9,,,Community,https://gitcoin.co/grants/1659/tokenizedtweets
2171,14768.5,,,NFTs,https://gitcoin.co/grants/2171/tokenized-tweets
517,14732.69,,https://tokenengineeringcommunity.github.io/website/docs/academy-welcome,Community,https://gitcoin.co/grants/517/tokenengineering-academy-education-for-web3-crypt
781,14528.35,,https://www.ensportal.com,Infra Tech,https://gitcoin.co/grants/781/ensportal
281,14494.17,,https://upalahq.notion.site/UPALA-DASHBOARD-a46d88209ecb4a4cabf1560acc8673a2,dApp Tech,https://gitcoin.co/grants/281/upala-price-of-forgery-digital-identity-panvala-l
2150,14346.05,,https://pepemon.world,NFTs,https://gitcoin.co/grants/2150/pepemon-degen-battleground
2265,14103.7,https://github.com/DeFiGeek-Community,https://defigeek.xyz/,dApp Tech,https://gitcoin.co/grants/2265/defigeek-community-japan
782,13995.63,,https://ethereumcatherders.com/,Community,https://gitcoin.co/grants/782/ethereum-cat-herders-community-fund
668,13963.85,,https://fightpandemics.com/,Community,https://gitcoin.co/grants/668/fightpandemics
3364,13930.15,https://github.com/blockscout/blockscout,https://docs.blockscout.com/,Infra Tech,https://gitcoin.co/grants/3364/blockscout
2194,13683.99,,https://www.youtube.com/voskcoin,NFTs,https://gitcoin.co/grants/2194/getting-started-with-nfts-video-tutorials-on-non-
2229,13586.98,https://github.com/depayfi,https://depay.fi,dApp Tech,https://gitcoin.co/grants/2229/depay-decentralized-payments
1698,13470.17,,https://catnip.exchange,dApp Tech,https://gitcoin.co/grants/1698/catnip
2986,13207.52,,https://startfi.io/,NFTs,https://gitcoin.co/grants/2986/startfi
1609,13033.59,,https://ethcolombia.github.io/,Community,https://gitcoin.co/grants/1609/eth-colombia-community-growth
152,13020.06,,https://shiryakhat.net,Community,https://gitcoin.co/grants/152/shir-ya-khat-podcast-advanced-ethereum-for-farsi-
213,12945.62,https://github.com/metafam,https://metagame.wtf/,dApp Tech,https://gitcoin.co/grants/213/metagame
2879,12912.07,,,dApp Tech,https://gitcoin.co/grants/2879/stablepay-l2-payments
159,12724.77,https://github.com/dimensiondev/maskbook,https://mask.io,dApp Tech,https://gitcoin.co/grants/159/mask-network-the-portal-to-the-new-open-internet
1602,12607.68,,,NFTs,https://gitcoin.co/grants/1602/gallerist-by-collectorshub
63,12294.89,,https://www.radicalxchange.org/,Community,https://gitcoin.co/grants/63/radicalxchange-foundation
2523,12109.68,,https://pharo.tech,dApp Tech,https://gitcoin.co/grants/2523/pharo-automated-cover-market-maker
3574,12022.11,,https://www.badOG.xyz,Community,https://gitcoin.co/grants/3574/bad-20-blockchain-art-directory
3595,11942.64,https://github.com/novifinancial/winterfell,https://www.zkhack.dev/mini.html,Community,https://gitcoin.co/grants/3595/zk-hack-zk-focused-virtual-event
711,11886.1,,https://furucombo.app/,dApp Tech,https://gitcoin.co/grants/711/furucombo-build-your-own-defi-legos-into-one-tran
1748,11866.02,,https://consensys.net/diligence/,dApp Tech,https://gitcoin.co/grants/1748/scribble-specifications-and-runtime-verification-
4081,11843.64,,,Grants Round 12,https://gitcoin.co/grants/4081/smart-tanks-a-scalable-open-science-platform-for-
3525,11824.34,https://github.com/0xflash/flashnft,https://flashnft.io,NFTs,https://gitcoin.co/grants/3525/flashnft
79,11569.58,,,Infra Tech,https://gitcoin.co/grants/79/lodestar-ethereum-20-client
233,11494.42,https://github.com/blockchain-etl/ethereum-etl,https://github.com/blockchain-etl/ethereum-etl,Infra Tech,https://gitcoin.co/grants/233/ethereumetl
1112,11381.72,https://github.com/Good-Ghosting,,dApp Tech,https://gitcoin.co/grants/1112/goodghosting-a-defi-savings-game
811,11324.32,,https://tokenbrice.xyz,Community,https://gitcoin.co/grants/811/tokenbrice-evangelizing-defi-in-fr-en
3468,11297.23,,,Infra Tech,https://gitcoin.co/grants/3468/ethereum-core-developer-apprenticeship-program
1274,11167.05,,https://banklessfr.substack.com/,Community,https://gitcoin.co/grants/1274/ethereum-newsletters-in-french-banklessfr-metaver
36,11166.36,https://github.com/MolochVentures,https://github.com/MolochVentures,Community,https://gitcoin.co/grants/36/molochdao
2239,11158.76,https://github.com/InsideTheSim/RatioGang.com,https://ratiogang.com,Community,https://gitcoin.co/grants/2239/ratiogangcom
80,11099.08,,,dApp Tech,https://gitcoin.co/grants/80/walletconnect-legacy-sai
274,11077.31,https://github.com/abridged,https://www.abridged.io/,Infra Tech,https://gitcoin.co/grants/274/abridged
3372,10899.71,,https://zkape.substack.com,Community,https://gitcoin.co/grants/3372/zkape-turkish-newsletter-about-zeroknowledge
3414,10878.89,https://github.com/rebase-network/Dapp-Learning,https://github.com/rebase-network/Dapp-Learning,dApp Tech,https://gitcoin.co/grants/3414/dapp-learning-developer-group
231,10873.02,https://github.com/BuidlHonduras,https://buidlhonduras.com/,Community,https://gitcoin.co/grants/231/buidl-honduras
2165,10801.29,,https://illuminate.finance/,dApp Tech,https://gitcoin.co/grants/2165/illuminate-finance
22,10721.62,https://github.com/ethereum,https://github.com/ethereum/,Infra Tech,https://gitcoin.co/grants/22/fuzz-geth-and-parity-for-evm-consensus-bugs
1183,10711.11,,https://web3bridge.com/,Community,https://gitcoin.co/grants/1183/web3bridge-web3-house-panvala-league
2758,10634.86,https://github.com/gasolin/ethhole,,Infra Tech,https://gitcoin.co/grants/2758/ethholelink
3429,10563.9,,https://irlart.com,Community,https://gitcoin.co/grants/3429/physical-digital
798,10545.53,,https://tokengenie.org/,Community,https://gitcoin.co/grants/798/a-hitchhikers-guide-to-token-engineering
296,10458.4,https://github.com/defisaver/defisaver-v3-contracts,,dApp Tech,https://gitcoin.co/grants/296/defi-saver
1122,10198.45,,https://vyper.fun,Infra Tech,https://gitcoin.co/grants/1122/vyperfun-cryptozombiesethernaut-for-vyper
1761,10154.64,,https://womenofcrypto.art,Community,https://gitcoin.co/grants/1761/women-of-crypto-art-panvala-league
959,10109.87,https://github.com/0confirmation/0confirmation,https://0confirmation.com/,Infra Tech,https://gitcoin.co/grants/959/0confirmation
558,10102.63,,https://curadao.io/,Health,https://gitcoin.co/grants/558/curadao-covid-19-campaign-remote-thriving
215,9792.36,,,Community,https://gitcoin.co/grants/215/david-hoffman-independent-content-creator
3992,9664.76,,https://www.youtube.com/c/drbradstanfield,Community,https://gitcoin.co/grants/3992/nmn-nr-human-trial-of-improved-healthspan
761,9640.25,,,Community,https://gitcoin.co/grants/761/downtown-stimulus-quadratic-funding-for-covid-eco
3946,9625.06,,https://shrikezhang.com/,Community,https://gitcoin.co/grants/3946/biomimetic-vascular-model-for-studying-vascular-a
3247,9557.78,,https://www.notion.so/rielychen/Ethereum-Translation-Community-CN-05375fe0a94c4214acaf90f42ba40171,Community,https://gitcoin.co/grants/3247/ethereum-translation-community-cn
145,9369.37,https://github.com/dmihal/burner-wallet-2,https://github.com/dmihal/burner-wallet-2,Infra Tech,https://gitcoin.co/grants/145/burner-wallet-2-burner-factory
2841,9351.58,https://github.com/ZunamiLab/ZunamiProtocol,https://www.zunami.io/,dApp Tech,https://gitcoin.co/grants/2841/zunami-protocol
1534,9304.12,https://github.com/prettier-solidity/prettier-plugin-solidity,https://github.com/prettier-solidity/prettier-plugin-solidity,dApp Tech,https://gitcoin.co/grants/1534/prettier-solidity
65,9243.78,https://github.com/urllib3/urllib3,,Infra Tech,https://gitcoin.co/grants/65/urllib3-python-http-library
2922,9239.96,,https://gitcoinchina.com/,dGov,https://gitcoin.co/grants/2922/gitcoin-governance-chinese-ecosystem-development
1219,9224.84,,https://lunadao.substack.com/s/defi-library,Community,https://gitcoin.co/grants/1219/defi-library
253,9090.63,,https://sablier.finance,dApp Tech,https://gitcoin.co/grants/253/sablier
738,9082.77,,,Community,https://gitcoin.co/grants/738/covid-19-moment-food-bag-delivery-for-families
3937,8974.06,,https://www.agelessrx.com/pearl,Community,https://gitcoin.co/grants/3937/first-comprehensive-longevity-clinical-trial-in-h
1700,8924.5,,https://cryptoconsortium.org/,Community,https://gitcoin.co/grants/1700/developing-the-certified-ethereum-professional-ex
1245,8732.33,,https://www.tokenterminal.com/,Community,https://gitcoin.co/grants/1245/token-terminal
259,8670.15,https://github.com/rkalis,https://kalis.me,dApp Tech,https://gitcoin.co/grants/259/rosco-kalis-revokecash-truffle-plugin-verify-truf
1744,8651.51,,https://zkpay.link,Infra Tech,https://gitcoin.co/grants/1744/zkpay
351,8620.71,,https://charged.fi,dApp Tech,https://gitcoin.co/grants/351/charged-particles-defi-nft-interest-bearing-non-f
203,8618.92,,,Community,https://gitcoin.co/grants/203/metacartel
1625,8334.73,https://github.com/PrimitivesLane,https://www.primitiveslane.org/,Community,https://gitcoin.co/grants/1625/primitives-lane
4047,8318.01,,https://www.scripps.edu/petrascheck/index.html,Community,https://gitcoin.co/grants/4047/lifespan-extension-by-claritin
2271,8168.99,https://github.com/kotalco,https://kotal.co,Infra Tech,https://gitcoin.co/grants/2271/kotal-open-source-alternative-to-infura-alchemyap
20,8149.05,,https://xdai.io,dApp Tech,https://gitcoin.co/grants/20/burner-wallet
1492,8135.28,,https://levalleux-ludo.github.io/DAPP/DeFiVenture/video.html,dApp Tech,https://gitcoin.co/grants/1492/defi-venture
3563,8092.41,,https://utopia42.club,Community,https://gitcoin.co/grants/3563/utopia42
392,8048.55,,https://ethfans.org,Community,https://gitcoin.co/grants/392/ethfansorg
2631,8023.77,https://github.com/uniswap-python,https://uniswap-python.com,dApp Tech,https://gitcoin.co/grants/2631/uniswap-python
1805,7986.16,https://github.com/pepem00n,https://pepemon.world,dApp Tech,https://gitcoin.co/grants/1805/pepemon-degen-battleground
1268,7953.53,,https://liquidity.vision,dApp Tech,https://gitcoin.co/grants/1268/liquidity-vision
3389,7949.89,,https://nftpricefloor.com/,NFTs,https://gitcoin.co/grants/3389/nft-price-floor-coingecko-of-nfts
2907,7824.82,,,dApp Tech,https://gitcoin.co/grants/2907/yin-finance
1175,7810.18,https://github.com/wslyvh/useWeb3,http://ethgas.watch/,Infra Tech,https://gitcoin.co/grants/1175/eth-gaswatch
1311,7776.09,,https://cryptoouf.com/,Community,https://gitcoin.co/grants/1311/cryptoouf-a-blog-about-defi-for-the-future-of-fra
2788,7666.46,https://github.com/playsnook,https://playsnook.com/,NFTs,https://gitcoin.co/grants/2788/snook
545,7497.89,,http://sponsoranangel.org/,Health,https://gitcoin.co/grants/545/african-angels
3816,7463.55,,http://dreamdao.xyz/,Community,https://gitcoin.co/grants/3816/the-dream-dao-by-civics-unplugged
4085,7423.83,,https://longevityplan.com/,Grants Round 12,https://gitcoin.co/grants/4085/longevity-plan
899,7406.39,https://github.com/1hive/gardens,,dApp Tech,https://gitcoin.co/grants/899/1hive-gardens
1599,7402.53,https://github.com/givestation,https://www.givestation.org/,dApp Tech,https://gitcoin.co/grants/1599/givestation-formerly-reapit-wallet
3997,7396.59,,https://www.youtube.com/lifenoggin,Community,https://gitcoin.co/grants/3997/life-noggin-top-tier-videos-to-reach-millions
3963,7394.31,,http://eco.mirror.xyz,NFTs,https://gitcoin.co/grants/3963/ecodao
1005,7358.31,https://github.com/yieldfarming/yieldfarming,https://yieldfarming.info/,dApp Tech,https://gitcoin.co/grants/1005/yieldfarminginfo
4155,7298.59,,https://www.othersidepod.xyz/,Grants Round 12,https://gitcoin.co/grants/4155/on-the-other-side-podcast
204,7296.79,,https://twitter.com/wizardofdapps,Community,https://gitcoin.co/grants/204/wizards-of-dapps-podcast
2743,7268.53,https://github.com/Quillhash/Audit_Reports,https://pawnspace.io/,NFTs,https://gitcoin.co/grants/2743/pawnspace-decentralized-nft-collateralized-lendin
4103,7268.17,,https://petersonlab.wustl.edu,Grants Round 12,https://gitcoin.co/grants/4103/supplements-death-match
146,7266.04,,https://trinity.ethereum.org/,Infra Tech,https://gitcoin.co/grants/146/trinity-research-for-migration-of-ethereum-1x-to-
3384,7255.75,,https://gitlab.com/Crypteriat/Compose_DAO,dApp Tech,https://gitcoin.co/grants/3384/secure-remote-password-with-ethereum-name-service
2785,7234.84,,https://weekinethereumnews.com/,Community,https://gitcoin.co/grants/2785/week-in-ethereum-news
4144,7096.67,https://github.com/dorahacksglobal,https://dorahacksglobal.github.io/Hackathon-Playbook/dao/,Grants Round 12,https://gitcoin.co/grants/4144/hackathon-dao
1141,6979.31,https://github.com/1Hive/conviction-voting-cadcad,https://github.com/1Hive/conviction-voting-cadcad,dApp Tech,https://gitcoin.co/grants/1141/conviction-voting-cadcad-model-improvements-1hive
523,6953.88,,,Health,https://gitcoin.co/grants/523/giveth-coz-giving-to-covid-19-causes
147,6901.22,,https://trinity.ethereum.org/,Infra Tech,https://gitcoin.co/grants/147/trinity-ethereum-20-client
2754,6899.49,,https://mintbot.io/,NFTs,https://gitcoin.co/grants/2754/mintbot-polygon-nft-minter-telegram
1139,6834.24,,https://www.metacartel.org/,Community,https://gitcoin.co/grants/1139/metacartel-nft-awards-panvala-league
2001,6819.35,,https://simracercoin.com,NFTs,https://gitcoin.co/grants/2001/simthunder-private-content-and-nfts-marketplace-f
2035,6792.79,,https://auditsrdead.com/,Infra Tech,https://gitcoin.co/grants/2035/sherlock
16,6792.67,,,Community,https://gitcoin.co/grants/16/cryptoeconomicsstudy-free-open-source-blockchain-
295,6785.28,,,dApp Tech,https://gitcoin.co/grants/295/gelato-an-automation-protocol-for-ethereum
3944,6775.71,,https://www.lastgenmovie.com,Community,https://gitcoin.co/grants/3944/longevity-feature-film-the-last-generation-to-die
4007,6722.95,,https://carbonlandtrust.com/,dApp Tech,https://gitcoin.co/grants/4007/carbonland-trust
3020,6715.71,,https://llama.community/#/,Building Gitcoin,https://gitcoin.co/grants/3020/treasury-strategy-for-gitcoin-llama
1663,6688.99,,,dApp Tech,https://gitcoin.co/grants/1663/iamm-the-protocol-for-building-open-virtual-econo
3935,6688.25,,https://www.buckinstitute.org/,Community,https://gitcoin.co/grants/3935/determine-if-use-of-the-widely-prescribed-drug-cy
494,6675.85,,https://www.savethechildren.org/us/what-we-do/emergency-response/coronavirus-outbreak,Health,https://gitcoin.co/grants/494/save-the-children
3936,6652.13,,https://LongevityWiki.org,Community,https://gitcoin.co/grants/3936/longevity-wiki
2919,6636.58,,https://gov.gitcoin.co/,Building Gitcoin,https://gitcoin.co/grants/2919/gitcoin-governance-moderation-and-stewardship
130,6628.2,,http://blackgirlscode.com,Community,https://gitcoin.co/grants/130/black-girls-code-x-blockchain-ecosystem
1676,6596.93,,https://cryptocurrencyjobs.co/,Community,https://gitcoin.co/grants/1676/cryptocurrency-jobs
3249,6500.01,,https://nft-shop.vercel.app/,NFTs,https://gitcoin.co/grants/3249/nftshop-your-free-nft-shop-storefront-on-flow-blo
1528,6490.49,,http://niftyeggs.eth.link,dApp Tech,https://gitcoin.co/grants/1528/niftyeggs
961,6472.54,,,Infra Tech,https://gitcoin.co/grants/961/hals-marathon-one-recipe-a-day-to-make-ethereum-e
220,6418.37,,https://cryptorado.org,Community,https://gitcoin.co/grants/220/cryptorado-community-outreach-expansion
3641,6410.37,,,NFTs,https://gitcoin.co/grants/3641/banksea-finance
4287,6393.35,https://github.com/guild-w,https://guildw.xyz/,Grants Round 12,https://gitcoin.co/grants/4287/zk-chat-and-guild-system-in-dark-forest
1877,6324.61,,https://www.protocolgemini.com/,dApp Tech,https://gitcoin.co/grants/1877/protocol-gemini-phase-ii-3d-gps-geolocation-based
49,6309.62,,https://blockchainedu.org,Community,https://gitcoin.co/grants/49/blockchain-education-network-ben-panvala-league
3616,6259.05,,https://defiyield.app,dApp Tech,https://gitcoin.co/grants/3616/defiyield-the-only-safe-yield-farming-platform
1665,6258.15,,,dApp Tech,https://gitcoin.co/grants/1665/ethgrounds-inaridao
1069,6227.73,,,dApp Tech,https://gitcoin.co/grants/1069/feel-the-yearn
2460,6207.77,,https://www.qmodeler.net,dApp Tech,https://gitcoin.co/grants/2460/let-anyone-write-smart-contracts
4052,6196.41,,https://www.defor.io/,dApp Tech,https://gitcoin.co/grants/4052/defor-defi-aggregator-that-everyone-can-participa
1628,6180.5,,https://linktr.ee/antsreview,dApp Tech,https://gitcoin.co/grants/1628/ants-review
775,6116.63,,https://kickback.events,dApp Tech,https://gitcoin.co/grants/775/kickback
1855,6099.34,https://github.com/stereum-dev,https://stereum.net/,Infra Tech,https://gitcoin.co/grants/1855/stereumnet-ethereum-node-setup-infrastructure
4151,6054.58,,http://silentauth.xyz,Grants Round 12,https://gitcoin.co/grants/4151/silent-auth-the-de-facto-multi-factor-authenticat
3771,6051.26,,https://gravitylayer.io/?utm_source=gitcoin&utm_medium=crowdfunding&utm_campaign=promo,NFTs,https://gitcoin.co/grants/3771/wearable-couture-nfts-for-social-media-and-metave
2196,6027.44,https://github.com/PeepsTech,https://www.pool-party.club/,dApp Tech,https://gitcoin.co/grants/2196/pool-party-hackervilla-panvala-league
2871,5947.92,https://github.com/martriay/flashbots-explorer,https://flashbots-explorer.marto.lol/,dApp Tech,https://gitcoin.co/grants/2871/flashbots-bundle-explorer
170,5908.55,,,Infra Tech,https://gitcoin.co/grants/170/anysender-no-more-stuck-transactions
1375,5864.02,https://github.com/usmfum/USM,https://jacob-eliosoff.medium.com/whats-the-simple,dApp Tech,https://gitcoin.co/grants/1375/usm-a-minimalist-stablecoin-nearing-launch
156,5730.8,,,Community,https://gitcoin.co/grants/156/one-minute-block-time-newsletter
1650,5718.25,,https://www.hiblock.net/,Community,https://gitcoin.co/grants/1650/hiblockqu-kuai-lian-she-qu-hiblock-community
4232,5683.46,https://github.com/grjte/zk-mafia,https://www.zkmafia.xyz/,Grants Round 12,https://gitcoin.co/grants/4232/zk-mafia-game-hackers-vs-devs
1916,5611.74,,https://cointool.app/eth/ethOneToMore?menu=1,dApp Tech,https://gitcoin.co/grants/1916/token-batchsender
1571,5572.52,https://github.com/0xHabitat,,Infra Tech,https://gitcoin.co/grants/1571/habitat-grow-and-collaborate-on-ethereum
943,5559.54,https://github.com/paulrberg/create-eth-app,https://github.com/paulrberg/create-eth-app,Infra Tech,https://gitcoin.co/grants/943/create-eth-app
2996,5550.23,,https://cedge.io,dGov,https://gitcoin.co/grants/2996/cedge-not-only-a-open-research-organization-but-a
225,5512.26,,,dApp Tech,https://gitcoin.co/grants/225/mooni-easiest-crypto-cash-out
1134,5375.74,https://github.com/koushikbhargav/urbanbowl,https://github.com/koushikbhargav/urbanbowl,dApp Tech,https://gitcoin.co/grants/1134/organicblock-redefining-urban-farming
290,5373.03,https://github.com/hashcloak/Meson,https://github.com/hashcloak/Meson,Infra Tech,https://gitcoin.co/grants/290/meson
3522,5294.5,https://github.com/ceramicstudio/datamodels,https://testnet.krebit.id,dApp Tech,https://gitcoin.co/grants/3522/krebit
3600,5286.26,https://github.com/unicast-project,https://github.com/unicast-project,dApp Tech,https://gitcoin.co/grants/3600/unicast
3994,5283.9,,https://imagine.brussels,Community,https://gitcoin.co/grants/3994/imaginebrussels-solarpunk-nft-contest
2067,5214.54,,https://www.peoplesdao.community/,Community,https://gitcoin.co/grants/2067/peoples-cooperative-panvala-league
1901,5201.25,, https://dcentlife.io/,dApp Tech,https://gitcoin.co/grants/1901/dcent-matic-polygon-nft-product-authentication-sy
2767,5141.12,,https://orangewallet.app,dApp Tech,https://gitcoin.co/grants/2767/orange-wallet
653,5115.22,https://github.com/opengsn/gsn,https://github.com/opengsn/gsn,Infra Tech,https://gitcoin.co/grants/653/gas-stations-network
2157,5077.62,,https://baoboard.com,dApp Tech,https://gitcoin.co/grants/2157/baoboard
2158,5066.11,,,NFTs,https://gitcoin.co/grants/2158/taconomics
3457,5058.72,https://github.com/stake-house/eth-wizard,https://github.com/stake-house/eth-wizard,Infra Tech,https://gitcoin.co/grants/3457/eth-wizard-an-ethereum-validator-installation-wiz
938,5048.64,,https://sourcify.dev/,Infra Tech,https://gitcoin.co/grants/938/sourcify-source-verification-service-contract-rep
1240,5038.98,https://github.com/dreamteam-gg/trickle-dapp,https://zitros.github.io/trickle-dapp,Infra Tech,https://gitcoin.co/grants/1240/trickle-your-hourly-pay-cryptographically-secured
1821,4957.56,,https://www.youtube.com/c/CryptoChica,Community,https://gitcoin.co/grants/1821/cryptochica-cryptocommunity-in-spanish
467,4957.44,,,Community,https://gitcoin.co/grants/467/gitcoin-developer-grant-walid-mujahid-wlyd-mjhd
3475,4940.89,,https://linktr.ee/tamarinhealth,Infra Tech,https://gitcoin.co/grants/3475/nectar-zk-rollups-and-hipaa-compliant-decentraliz
2769,4920.57,,https://bwbc.io/nftproject/,NFTs,https://gitcoin.co/grants/2769/nft-africa-nfts-education-for-local-women-artists
634,4824.41,https://github.com/likecoin,https://like.co/,Infra Tech,https://gitcoin.co/grants/634/likecoin-republic-of-liker-land
3594,4822.77,,https://defipocket.jp/,dApp Tech,https://gitcoin.co/grants/3594/defi-pocket
4098,4799.36,,http://twitter.com/bff_campaign,Grants Round 12,https://gitcoin.co/grants/4098/indigenous-activist-fund-for-fighting-tmx-pipelin
562,4751.09,https://github.com/Omni-Analytics-Group/eth-data-science-course,https://github.com/Omni-Analytics-Group/eth-data-science-course,Community,https://gitcoin.co/grants/562/learning-data-science-on-the-ethereum-blockchain-
4134,4742.44,,https://mcdao.mirror.xyz,Grants Round 12,https://gitcoin.co/grants/4134/mirror-curator-dao
2074,4736.8,https://github.com/endowl,https://endowl.com/,dApp Tech,https://gitcoin.co/grants/2074/crypto-inheritance-for-the-metaverse-by-endowl
590,4690.77,,,Infra Tech,https://gitcoin.co/grants/590/gweicz-czsk-defiethereum-community-old-grant
138,4682.85,,,dApp Tech,https://gitcoin.co/grants/138/burn-signal
3390,4634.48,,https://icryptonode.com/,Infra Tech,https://gitcoin.co/grants/3390/icryptonode-bitcoin-raspberry-pi-monero-node
547,4601.95,https://github.com/moibit/tracy-mobile-app,https://www.gettracy.app/,Health,https://gitcoin.co/grants/547/tracy-an-intelligent-application-using-decentrali
3588,4598.51,,,NFTs,https://gitcoin.co/grants/3588/alienite-play-to-earn-nft-game
600,4573.65,,https://jarvis.network,dApp Tech,https://gitcoin.co/grants/600/synthereum-synthetic-assets-with-liquidity-pools-
827,4552.2,,https://www.youtube.com/channel/UCkpiIy9Ud9_0iCUQy0P1LSQ,Community,https://gitcoin.co/grants/827/web-30-arabic
3501,4520.64,https://github.com/Nocturnal-Finance,https://nocturnal.finance,dApp Tech,https://gitcoin.co/grants/3501/nocturnal-finance
4231,4499.28,,,Grants Round 12,https://gitcoin.co/grants/4231/community-led-zk-mechanics-in-dark-forest
522,4486.38,,https://currency.community/,Community,https://gitcoin.co/grants/522/support-the-community-currency-alliance-enabling-
4276,4455.87,https://github.com/AztecProtocol,,dApp Tech,https://gitcoin.co/grants/4276/dune-dashboards-for-aztec-protocol
1167,4444.01,,,Community,https://gitcoin.co/grants/1167/learn-crypto-decentralize-awareness-by-usecripto
1695,4430.8,,http://site.satellite.im,dApp Tech,https://gitcoin.co/grants/1695/satelliteim-a-fast-painless-decentralized-chat
17,4396.81,,https://github.com/ethereum/web3.py/issues/1161,Infra Tech,https://gitcoin.co/grants/17/implement-support-for-asyncio-using-web3py
848,4381.62,,https://www.arablockchains.com/,Community,https://gitcoin.co/grants/848/blockchain-ar-blwkshyn-rby
363,4364.98,,,Infra Tech,https://gitcoin.co/grants/363/dune-analytics
552,4359.03,,https://defipulse.com/,Community,https://gitcoin.co/grants/552/defi-pulse-registry
229,4356.35,,https://curadai.curadao.io,dApp Tech,https://gitcoin.co/grants/229/curadai-a-defi-based-stable-coin-for-curacao
235,4337.76,,,dApp Tech,https://gitcoin.co/grants/235/zapperfi
694,4321.78,,https://athenscovid19.com,Health,https://gitcoin.co/grants/694/decentralised-supply-chain-of-3d-printed-protecti
982,4312.29,,https://discord.com/invite/vzmaMbrQyp,Community,https://gitcoin.co/grants/982/future-modern-panvala-league-please-donate-pan-no
806,4219.49,,http://defipedia.io,Community,https://gitcoin.co/grants/806/defipedia
106,4207.25,,,Infra Tech,https://gitcoin.co/grants/106/gaja-a-distributed-emissions-trading-market-on-ho
665,4124.9,,https://www.youtube.com/c/nuggetsnews,Community,https://gitcoin.co/grants/665/nuggets-news-10m-views-1000-episodes-tutorials-in
949,4057.81,,https://daiparaprincipiantes.com/,Community,https://gitcoin.co/grants/949/dai-para-principiantes
256,3998.55,https://github.com/flex-dapps/enzypt,https://enzypt.io,dApp Tech,https://gitcoin.co/grants/256/enzyptio
2809,3979.51,,http://cbahub.org,Community,https://gitcoin.co/grants/2809/caribbean-blockchain-alliance
3443,3958.56,https://github.com/bainetwork,,dApp Tech,https://gitcoin.co/grants/3443/bitcoin-automatic-investment
4065,3938.99,,http://joinreboot.org/,Community,https://gitcoin.co/grants/4065/reboot
2959,3936.85,,https://jovian.network,dGov,https://gitcoin.co/grants/2959/designing-gender-diversity-in-daos
1749,3923.94,,https://www.youtube.com/channel/UC_o4_cOevPVYC5pXs,Community,https://gitcoin.co/grants/1749/ceazors-snack-sandwich
516,3909.34,https://github.com/interspacechat/interspace.chat,https://github.com/interspacechat/interspace.chat/,Community,https://gitcoin.co/grants/516/interspacechat
814,3807.31,,https://m4bl.org/,Crypto for Black Lives,https://gitcoin.co/grants/814/movement-4-black-lives
3411,3802.21,,https://cryptocorgis.co/,NFTs,https://gitcoin.co/grants/3411/convert-crypto-corgis-nfts-into-3d-voxel-programm
619,3785.71,,https://cp0x.com,Community,https://gitcoin.co/grants/619/forum-cp0x-cozy-forum-about-cryptospace-in-russia
1277,3755.77,,https://www.metalove.xyz/,Community,https://gitcoin.co/grants/1277/secret-garden-crypto-art-exhibition-for-children-
1999,3751.83,https://github.com/nollied/agg-stablecoin,https://github.com/nollied/agg-stablecoin,Infra Tech,https://gitcoin.co/grants/1999/stale-decentralized-equity-exchange-equidex
4027,3696.54,,https://ens.me,Community,https://gitcoin.co/grants/4027/ensme
2119,3680.55,https://github.com/argoapp-live,http://argoapp.live/,dApp Tech,https://gitcoin.co/grants/2119/argo-protocol
1206,3607.17,,https://discord.gg/UcZRnPg,Community,https://gitcoin.co/grants/1206/panvala-league-mol-leart
2058,3603.33,,https://defi.connpass.com/,Community,https://gitcoin.co/grants/2058/yasashiidefi-yasashi-defi
815,3596.6,,https://defi777.com,dApp Tech,https://gitcoin.co/grants/815/defi777
2100,3591.6,,https://www.youtube.com/c/DeFiconNatyShi,Community,https://gitcoin.co/grants/2100/defi-simpler-than-ever-in-spanish-by-natyshi
1166,3557.17,,https://tripscommunity.com/,dApp Tech,https://gitcoin.co/grants/1166/open-reviews-save-your-airbnbbookingcom-reviews-o
1988,3555.08,https://github.com/mark3labs/louper,https://louper.dev,dApp Tech,https://gitcoin.co/grants/1988/louper-tool-for-inspecting-diamond-eip-2535-smart
4116,3516.8,,,Grants Round 12,https://gitcoin.co/grants/4116/m7e-metaverse-bridge
1262,3502.73,,https://gaia.gives/,dApp Tech,https://gitcoin.co/grants/1262/gaia-gives-funding-portal
3085,3500.54,,https://stage.gitcoin.dance,Building Gitcoin,https://gitcoin.co/grants/3085/gitcoin-dance
1511,3466.76,https://github.com/decentraland,https://play.decentraland.org/?position=48%2C-45,dApp Tech,https://gitcoin.co/grants/1511/soappunk-universe
1118,3427.04,,https://dxdao.eth/,dApp Tech,https://gitcoin.co/grants/1118/dxdaos-panvala-league-defi-community-awards-grant
4213,3411.88,https://github.com/phated,https://github.com/phated,Grants Round 12,https://gitcoin.co/grants/4213/blaine-bublitz-ethzk-infrastructure-ecosystem-dev
1780,3387.02,,,dApp Tech,https://gitcoin.co/grants/1780/circles-ubi
2427,3384.14,https://github.com/nftbase,https://nftbase.ai,NFTs,https://gitcoin.co/grants/2427/nftbase-dao-based-nft-marketplace-where-you-can-d
2694,3366.14,,,dApp Tech,https://gitcoin.co/grants/2694/matrix2-an-aggregated-layer-2-network
1102,3357.58,https://github.com/AstralProtocol,https://astral.global,Infra Tech,https://gitcoin.co/grants/1102/astral
2132,3295.36,,https://medium.com/@blockesportsla,NFTs,https://gitcoin.co/grants/2132/blockesports
1914,3292.56,,https://bidder.top,dApp Tech,https://gitcoin.co/grants/1914/topbidder-radical-auction-protocol-for-nfts
403,3262.11,https://github.com/TrueLevelSA/swap-box,https://www.swapbox.cash,dApp Tech,https://gitcoin.co/grants/403/swap-box
2742,3247.29,,,NFTs,https://gitcoin.co/grants/2742/the-teddyverse-fund
1769,3216.8,,https://instagram.com/trustlines.ve,Community,https://gitcoin.co/grants/1769/trustlines-venezuela-community
902,3209.12,,https://www.marmaj.org/,Community,https://gitcoin.co/grants/902/marma-j-foundation-marma-j-dao-panvala-league
3996,3206.31,,https://loot-talk.com/t/feel-free-to-play-out-the-lootverse/1910/1,NFTs,https://gitcoin.co/grants/3996/lootverse
2309,3184.69,,https://xdefi.com/,dApp Tech,https://gitcoin.co/grants/2309/xdefi-is-a-well-established-defi-protocol-stack
1638,3182.4,,https://freeel.io/workshops#rpg,Community,https://gitcoin.co/grants/1638/electric-circus-proudly-presents-impact-pirates
822,3177.84,https://github.com/lukso-network,,dApp Tech,https://gitcoin.co/grants/822/lukso-the-blockchain-for-new-digital-lifestyle
3491,3159.3,,https://criptospanglish.substack.com/,Community,https://gitcoin.co/grants/3491/the-daily-gwei-en-espanol
2316,3158.15,https://github.com/ownership-labs,https://github.com/ownership-labs,NFTs,https://gitcoin.co/grants/2316/datatoken-open-marketplace-for-decentralized-data
831,3139.26,,https://www.justicecommittee.org/,Crypto for Black Lives,https://gitcoin.co/grants/831/justice-committee
212,3125.49,https://github.com/thxprotocol,,dApp Tech,https://gitcoin.co/grants/212/thx-tokenized-rewards-in-any-app
2248,3122.33,,https://dada.art,NFTs,https://gitcoin.co/grants/2248/dadas-invisible-economy
678,3105.61,,https://ethstats.info,Infra Tech,https://gitcoin.co/grants/678/ethaddress-stats-utility-dashboard
1870,3105.44,https://github.com/rebase-network,https://rebase.network/,Community,https://gitcoin.co/grants/1870/rebase-community-rebase-qu-kuai-lian-ji-zhu-she-q
247,3066.47,,http://ricburton.com,Community,https://gitcoin.co/grants/247/defi-discussions-conference-support
1824,3058.96,,https://token.gallery/,NFTs,https://gitcoin.co/grants/1824/token-gallery
3169,2993.33,,https://cyberacademy.dev/,Community,https://gitcoin.co/grants/3169/cyber-academy
1709,2957.53,,https://watchtheburn.com,Community,https://gitcoin.co/grants/1709/watchtheburncom
3496,2952.83,https://github.com/bridges-inc/neeedle,,Infra Tech,https://gitcoin.co/grants/3496/the-easiest-debugger-tool-for-smart-contracts
2225,2872.03,,,dApp Tech,https://gitcoin.co/grants/2225/gasnow
2142,2861.52,,https://ethblock.art,NFTs,https://gitcoin.co/grants/2142/ethblockart
2774,2847.19,,https://bspeak.substack.com/,Community,https://gitcoin.co/grants/2774/bspeak
2121,2834.71,,https://dynamiculture.io,dApp Tech,https://gitcoin.co/grants/2121/dynamiculture
603,2834.63,,https://www.bitcoinmalaysia.com/,Community,https://gitcoin.co/grants/603/bitcoinmalaysia-dao
556,2830.03,https://github.com/Department-of-Decentralization/Ecosystem-Job-Openings,https://decentralala.com,dApp Tech,https://gitcoin.co/grants/556/the-department-of-decentralization-nee-ethberlin
428,2823.26,,https://gitcoin.co/solexplorer,Community,https://gitcoin.co/grants/428/solexplorer-gitcoin-community-manager
2154,2815.05,,https://trace.giveth.io/,dApp Tech,https://gitcoin.co/grants/2154/givethtrace
686,2814.33,,https://txpending.org,Community,https://gitcoin.co/grants/686/transaction-pending-a-crypto-podcast
1906,2802.46,,,dApp Tech,https://gitcoin.co/grants/1906/build-finance-dao
125,2774.77,,,dApp Tech,https://gitcoin.co/grants/125/kickback
2303,2762.57,,https://nepri.finance/,dApp Tech,https://gitcoin.co/grants/2303/nepri-finance-a-multi-purpose-open-finance-and-de
1147,2760.32,,https://coinosis.netlify.app/,dApp Tech,https://gitcoin.co/grants/1147/coinosis-earn-crypto-for-sharing-your-knowledge
3637,2750.72,,https://monitalks.xyz/,Community,https://gitcoin.co/grants/3637/moni-talks
21,2739.61,,,dApp Tech,https://gitcoin.co/grants/21/lodestar-eth20-client
2176,2739.47,,https://linktr.ee/daaab,Community,https://gitcoin.co/grants/2176/bbft-podcast-show-season4
413,2725.24,https://github.com/scco/fusion,https://fusion.li,Infra Tech,https://gitcoin.co/grants/413/open-source-web3-icon-set
594,2662.27,,http://www.nufi.io,dApp Tech,https://gitcoin.co/grants/594/nufi-an-open-ethereum-only-dao-based-alternative-
429,2653.24,,https://www.defisnap.io/,dApp Tech,https://gitcoin.co/grants/429/defisnap-dashboard-for-defi
389,2647.35,https://github.com/whatisonchain/whatisonchain,https://alphaonchain.com,dApp Tech,https://gitcoin.co/grants/389/alphaonchain
1379,2567.68,,https://www.youtube.com/c/crypt0,Community,https://gitcoin.co/grants/1379/crypt0s-news-youtube
2180,2560.31,https://github.com/Banq-Development/hodler-contracts,https://hedgehog.financial/,dApp Tech,https://gitcoin.co/grants/2180/hedgehog-hedge-downside-risk-for-your-crypto-posi
1099,2531.01,https://github.com/ParcelHQ/parcel,https://parcel.money,dApp Tech,https://gitcoin.co/grants/1099/parcel-simplifying-crypto-payroll-treasury-manage
2083,2513.48,,https://nftm8trix.substack.com/,NFTs,https://gitcoin.co/grants/2083/nft-matrix-nft-reviews-of-emerging-artists
3150,2484.02,https://github.com/OffcierCia/DeFi-Developer-Road-Map,https://github.com/OffcierCia/DeFi-Developer-Road-Map,Community,https://gitcoin.co/grants/3150/defi-web3-developer-roadmap
1296,2453.98,,,Community,https://gitcoin.co/grants/1296/poolsvision
2455,2419.59,https://github.com/InsideTheSim/ethmerge.com-content,https://ethmerge.com,Community,https://gitcoin.co/grants/2455/ethmergecom-the-ethereum-proof-of-stake-merge
2292,2414.49,,https://nfdao.io/,NFTs,https://gitcoin.co/grants/2292/nfdao-panvala-league
622,2407.82,,https://cryptoblarabi.com/,Community,https://gitcoin.co/grants/622/spread-blockchain-knowledge-to-the-arab-world
221,2385.38,,https://rtrees.dappy.dev,dApp Tech,https://gitcoin.co/grants/221/rtrees-defi-charity-app
1701,2380.95,,https://twitter.com/DefiItaly,Community,https://gitcoin.co/grants/1701/defi-italy-the-backbone-of-the-defi-world-in-ital
85,2365.43,,https://www.tennagraph.com,Infra Tech,https://gitcoin.co/grants/85/tennagraph-minimum-bias-ethereum-signal-aggregato
186,2345.61,,https://vldy.org,dApp Tech,https://gitcoin.co/grants/186/validity
99,2335.66,,,Infra Tech,https://gitcoin.co/grants/99/buidler-evm-solidity-consolelog-stack-traces
836,2335.36,,https://bailproject.org/,Crypto for Black Lives,https://gitcoin.co/grants/836/the-bail-project
484,2331.07,,https://www.depodao.org,dGov,https://gitcoin.co/grants/484/depo-dao-decentralized-politics-dao-panvala-leagu
568,2310.64,,https://metaspacenow.com/,Community,https://gitcoin.co/grants/568/metaspace-panvala-league
759,2306.11,,,Community,https://gitcoin.co/grants/759/defi-arts-intelligencer
2783,2295.69,,http://dystopialabs.com/,NFTs,https://gitcoin.co/grants/2783/dystopia-labs-irl-summit-hackathon-series